Timestamp,Air_Temp_C,Humidity_Pct,pH,EC_mS_cm,DO_mg_L,N_ppm,P_ppm,K_ppm
2024-01-01 00:00:00,17.89,75.56,6.0,1.82,8.73,149.86,49.92,199.78
2024-01-01 01:00:00,18.65,74.77,6.07,1.81,8.48,149.76,49.87,199.48
2024-01-01 02:00:00,18.8,74.3,5.98,1.81,8.52,149.46,49.78,199.16
2024-01-01 03:00:00,19.25,74.96,6.0,1.81,8.62,149.32,49.73,198.85
2024-01-01 04:00:00,19.96,71.92,6.07,1.81,8.59,149.05,49.67,198.63
2024-01-01 05:00:00,20.63,70.83,5.97,1.8,8.36,148.8,49.57,198.29
2024-01-01 06:00:00,22.34,66.48,6.02,1.8,8.16,148.55,49.54,198.16
2024-01-01 07:00:00,22.27,61.36,6.03,1.8,8.16,148.31,49.51,197.76
2024-01-01 08:00:00,23.92,62.43,6.06,1.8,8.27,148.04,49.48,197.62
2024-01-01 09:00:00,24.96,60.56,6.03,1.79,7.96,147.81,49.41,197.34
2024-01-01 10:00:00,25.19,55.24,6.02,1.79,8.01,147.58,49.35,197.19
2024-01-01 11:00:00,25.86,51.56,6.01,1.79,7.93,147.38,49.29,196.8
2024-01-01 12:00:00,26.43,54.4,6.0,1.79,7.82,147.14,49.24,196.66
2024-01-01 13:00:00,26.46,56.86,5.96,1.78,7.9,146.92,49.17,196.32
2024-01-01 14:00:00,25.81,52.42,6.06,1.78,7.95,146.64,49.1,196.07
2024-01-01 15:00:00,24.7,57.61,6.07,1.78,7.98,146.51,49.03,195.71
2024-01-01 16:00:00,24.59,63.2,5.98,1.78,7.99,146.32,48.94,195.4
2024-01-01 17:00:00,22.56,63.18,6.0,1.77,8.32,146.18,48.91,195.18
2024-01-01 18:00:00,22.89,63.51,5.9,1.77,8.14,146.03,48.84,195.05
2024-01-01 19:00:00,21.23,64.24,6.03,1.77,8.28,145.86,48.78,194.89
2024-01-01 20:00:00,19.74,68.03,5.98,1.77,8.63,145.75,48.73,194.51
2024-01-01 21:00:00,18.47,74.11,5.97,1.76,8.52,145.51,48.65,194.14
2024-01-01 22:00:00,17.98,75.26,6.04,1.76,8.64,145.28,48.55,193.83
2024-01-01 23:00:00,17.68,77.09,6.06,1.76,8.75,145.07,48.49,193.7
2024-01-02 00:00:00,17.96,75.25,6.0,1.76,8.79,144.85,48.4,193.4
2024-01-02 01:00:00,18.32,77.67,6.07,1.76,8.62,144.68,48.36,193.18
2024-01-02 02:00:00,17.81,74.97,5.98,1.75,8.83,144.52,48.27,193.0
2024-01-02 03:00:00,19.61,71.55,6.08,1.75,8.57,144.4,48.17,192.86
2024-01-02 04:00:00,18.6,71.65,5.97,1.75,8.91,144.25,48.08,192.73
2024-01-02 05:00:00,20.73,65.33,6.0,1.75,8.46,144.03,47.98,192.59
2024-01-02 06:00:00,21.9,68.92,6.01,1.75,8.27,143.85,47.91,192.37
2024-01-02 07:00:00,22.49,62.26,5.94,1.74,8.43,143.7,47.84,192.17
2024-01-02 08:00:00,24.17,62.07,5.96,1.74,8.17,143.57,47.74,192.03
2024-01-02 09:00:00,24.83,57.51,6.0,1.74,8.12,143.31,47.65,191.83
2024-01-02 10:00:00,25.64,53.48,6.05,1.74,7.86,143.18,47.59,191.62
2024-01-02 11:00:00,25.6,57.94,6.13,1.74,7.75,142.96,47.55,191.35
2024-01-02 12:00:00,26.07,54.25,6.04,1.73,7.89,142.78,47.5,191.19
2024-01-02 13:00:00,26.98,55.8,6.02,1.73,7.62,142.53,47.42,190.89
2024-01-02 14:00:00,25.25,55.65,6.06,1.73,8.04,142.23,47.33,190.67
2024-01-02 15:00:00,24.75,54.86,6.1,1.73,7.88,141.97,47.29,190.32
2024-01-02 16:00:00,23.92,59.07,6.0,1.72,8.19,141.72,47.24,190.12
2024-01-02 17:00:00,22.45,60.76,6.05,1.72,8.27,141.46,47.15,189.81
2024-01-02 18:00:00,22.03,66.71,6.09,1.72,8.38,141.34,47.08,189.47
2024-01-02 19:00:00,20.18,69.82,6.01,1.72,8.52,141.2,47.01,189.16
2024-01-02 20:00:00,20.77,67.67,5.95,1.71,8.48,140.92,46.95,188.98
2024-01-02 21:00:00,19.51,68.58,6.03,1.71,8.56,140.66,46.91,188.82
2024-01-02 22:00:00,18.94,71.18,6.1,1.71,8.66,140.46,46.82,188.47
2024-01-02 23:00:00,18.99,75.31,6.06,1.71,8.48,140.31,46.76,188.25
2024-01-03 00:00:00,18.28,74.51,6.01,1.7,8.55,140.07,46.74,188.07
2024-01-03 01:00:00,18.97,71.47,6.04,1.7,8.66,139.92,46.7,187.67
2024-01-03 02:00:00,18.55,70.27,6.1,1.7,8.76,139.75,46.65,187.37
2024-01-03 03:00:00,19.11,68.04,6.06,1.7,8.65,139.59,46.58,187.01
2024-01-03 04:00:00,20.37,70.56,6.05,1.69,8.44,139.35,46.54,186.88
2024-01-03 05:00:00,20.64,68.45,6.03,1.69,8.3,139.18,46.46,186.72
2024-01-03 06:00:00,22.49,66.88,6.13,1.69,8.14,139.05,46.37,186.52
2024-01-03 07:00:00,22.79,63.62,6.08,1.69,8.09,138.93,46.29,186.32
2024-01-03 08:00:00,24.38,60.79,6.09,1.69,8.07,138.73,46.24,185.93
2024-01-03 09:00:00,24.7,58.37,6.08,1.68,8.04,138.63,46.15,185.75
2024-01-03 10:00:00,25.87,53.1,6.12,1.68,8.04,138.42,46.06,185.5
2024-01-03 11:00:00,25.74,56.96,6.15,1.68,7.81,138.26,46.04,185.39
2024-01-03 12:00:00,25.91,50.48,6.07,1.68,7.98,138.01,46.01,185.28
2024-01-03 13:00:00,26.37,53.4,6.0,1.68,7.68,137.74,45.95,185.0
2024-01-03 14:00:00,25.54,54.61,6.08,1.67,8.04,137.62,45.86,184.68
2024-01-03 15:00:00,23.9,60.26,5.98,1.67,8.04,137.35,45.82,184.35
2024-01-03 16:00:00,24.35,57.79,6.08,1.67,8.21,137.14,45.79,184.0
2024-01-03 17:00:00,22.9,61.26,6.15,1.67,8.05,137.02,45.71,183.82
2024-01-03 18:00:00,22.04,66.75,6.07,1.66,8.33,136.84,45.69,183.5
2024-01-03 19:00:00,21.17,67.13,5.99,1.66,8.32,136.68,45.62,183.33
2024-01-03 20:00:00,19.16,68.5,6.08,1.66,8.5,136.44,45.59,183.15
2024-01-03 21:00:00,18.73,71.18,6.04,1.66,8.59,136.24,45.55,182.91
2024-01-03 22:00:00,18.75,73.38,5.98,1.65,8.56,135.95,45.51,182.52
2024-01-03 23:00:00,17.93,73.5,6.08,1.65,8.44,135.84,45.44,182.27
2024-01-04 00:00:00,17.98,75.46,6.12,1.65,8.57,135.68,45.38,182.15
2024-01-04 01:00:00,17.94,73.45,6.08,1.65,8.62,135.54,45.35,181.88
2024-01-04 02:00:00,18.59,75.93,6.05,1.65,8.75,135.36,45.33,181.63
2024-01-04 03:00:00,19.51,72.25,6.09,1.64,8.56,135.21,45.23,181.35
2024-01-04 04:00:00,19.77,69.94,6.05,1.64,8.4,135.03,45.21,181.07
2024-01-04 05:00:00,20.89,68.29,6.06,1.64,8.25,134.82,45.17,180.91
2024-01-04 06:00:00,21.83,61.99,6.12,1.64,8.27,134.69,45.13,180.65
2024-01-04 07:00:00,22.75,65.66,6.04,1.64,8.26,134.45,45.09,180.28
2024-01-04 08:00:00,25.08,61.66,6.12,1.63,7.97,134.17,45.06,180.11
2024-01-04 09:00:00,25.3,60.3,6.11,1.63,8.0,134.03,45.01,179.95
2024-01-04 10:00:00,25.61,55.42,6.02,1.63,8.01,133.8,44.98,179.57
2024-01-04 11:00:00,26.67,58.44,6.06,1.63,7.84,133.7,44.88,179.43
2024-01-04 12:00:00,26.1,56.64,6.0,1.63,7.81,133.59,44.78,179.32
2024-01-04 13:00:00,26.18,56.33,6.04,1.62,7.92,133.45,44.71,179.19
2024-01-04 14:00:00,25.14,56.94,6.11,1.62,7.82,133.16,44.68,178.99
2024-01-04 15:00:00,23.89,56.5,6.09,1.62,8.08,133.02,44.61,178.64
2024-01-04 16:00:00,24.48,63.69,6.14,1.62,8.07,132.87,44.59,178.4
2024-01-04 17:00:00,23.54,60.82,6.11,1.61,8.07,132.69,44.51,178.02
2024-01-04 18:00:00,21.56,65.63,6.07,1.61,8.38,132.51,44.44,177.71
2024-01-04 19:00:00,21.41,67.95,6.11,1.61,8.34,132.26,44.41,177.38
2024-01-04 20:00:00,19.69,70.71,6.06,1.61,8.53,132.06,44.39,177.03
2024-01-04 21:00:00,19.51,70.4,6.1,1.6,8.68,131.77,44.29,176.8
2024-01-04 22:00:00,18.3,72.68,6.06,1.6,8.56,131.48,44.25,176.41
2024-01-04 23:00:00,18.52,74.66,6.12,1.6,8.92,131.25,44.22,176.08
2024-01-05 00:00:00,17.91,77.53,6.12,1.6,8.63,131.13,44.14,175.96
2024-01-05 01:00:00,18.43,76.68,6.11,1.59,8.43,131.01,44.11,175.69
2024-01-05 02:00:00,18.99,68.7,6.18,1.59,8.62,130.77,44.03,175.43
2024-01-05 03:00:00,19.36,70.98,6.02,1.59,8.54,130.62,43.94,175.31
2024-01-05 04:00:00,20.1,74.58,6.06,1.59,8.69,130.32,43.91,175.07
2024-01-05 05:00:00,20.77,71.79,6.13,1.58,8.41,130.18,43.82,174.68
2024-01-05 06:00:00,22.67,65.85,6.07,1.58,8.32,129.92,43.77,174.31
2024-01-05 07:00:00,22.77,61.52,6.09,1.58,8.13,129.73,43.69,174.12
2024-01-05 08:00:00,23.42,62.51,6.11,1.58,8.05,129.44,43.63,173.93
2024-01-05 09:00:00,24.43,56.53,6.06,1.58,8.22,129.33,43.61,173.59
2024-01-05 10:00:00,25.56,56.16,6.2,1.57,8.07,129.04,43.51,173.34
2024-01-05 11:00:00,26.6,54.93,6.1,1.57,7.79,128.9,43.45,173.02
2024-01-05 12:00:00,26.48,52.62,6.12,1.57,7.78,128.65,43.36,172.64
2024-01-05 13:00:00,25.54,55.92,6.07,1.56,7.95,128.44,43.29,172.33
2024-01-05 14:00:00,25.76,53.52,6.16,1.56,7.97,128.22,43.23,172.01
2024-01-05 15:00:00,25.83,60.63,6.05,1.56,7.96,128.05,43.13,171.87
2024-01-05 16:00:00,23.81,60.46,6.14,1.56,8.08,127.94,43.09,171.73
2024-01-05 17:00:00,23.63,61.97,6.09,1.56,8.09,127.78,43.01,171.6
2024-01-05 18:00:00,22.06,69.52,6.14,1.55,8.32,127.68,42.92,171.37
2024-01-05 19:00:00,21.53,67.61,6.14,1.55,8.25,127.55,42.82,171.02
2024-01-05 20:00:00,19.48,69.06,6.11,1.55,8.61,127.34,42.74,170.66
2024-01-05 21:00:00,19.83,72.44,6.13,1.55,8.48,127.11,42.7,170.33
2024-01-05 22:00:00,18.63,72.2,6.15,1.54,8.61,127.0,42.62,170.16
2024-01-05 23:00:00,18.01,77.9,6.09,1.54,8.79,126.8,42.6,170.05
2024-01-06 00:00:00,17.73,76.3,6.09,1.54,8.76,126.66,42.54,169.68
2024-01-06 01:00:00,18.11,71.3,6.08,1.54,8.62,126.37,42.49,169.48
2024-01-06 02:00:00,18.28,72.77,6.19,1.54,8.56,126.08,42.44,169.22
2024-01-06 03:00:00,20.19,72.52,6.11,1.53,8.49,125.88,42.41,168.92
2024-01-06 04:00:00,19.94,70.6,6.13,1.53,8.44,125.66,42.34,168.79
2024-01-06 05:00:00,21.14,69.94,6.08,1.53,8.24,125.42,42.31,168.64
2024-01-06 06:00:00,22.18,63.8,6.04,1.53,8.13,125.29,42.23,168.33
2024-01-06 07:00:00,23.87,61.41,6.07,1.52,8.01,125.16,42.21,168.11
2024-01-06 08:00:00,23.49,59.72,6.15,1.52,8.17,124.93,42.15,167.84
2024-01-06 09:00:00,25.07,58.42,6.11,1.52,8.11,124.8,42.1,167.57
2024-01-06 10:00:00,24.59,56.02,6.16,1.52,7.94,124.57,42.04,167.43
2024-01-06 11:00:00,25.63,57.06,6.17,1.52,7.86,124.34,41.95,167.18
2024-01-06 12:00:00,25.54,55.84,6.21,1.51,8.1,124.07,41.88,166.8
2024-01-06 13:00:00,25.74,56.8,6.14,1.51,7.95,123.8,41.79,166.66
2024-01-06 14:00:00,24.56,58.02,6.11,1.51,8.13,123.59,41.72,166.38
2024-01-06 15:00:00,24.25,54.23,6.15,1.51,8.08,123.43,41.65,166.07
2024-01-06 16:00:00,23.69,60.69,6.12,1.5,8.19,123.2,41.61,165.88
2024-01-06 17:00:00,22.47,63.0,6.23,1.5,8.18,122.99,41.52,165.48
2024-01-06 18:00:00,21.88,66.69,6.23,1.5,8.3,122.84,41.44,165.26
2024-01-06 19:00:00,20.42,64.95,6.13,1.5,8.34,122.69,41.37,165.13
2024-01-06 20:00:00,19.5,72.14,6.09,1.49,8.47,122.43,41.27,164.86
2024-01-06 21:00:00,18.74,67.6,6.19,1.49,8.53,122.17,41.18,164.47
2024-01-06 22:00:00,18.67,70.2,6.18,1.49,8.56,122.05,41.12,164.25
2024-01-06 23:00:00,17.94,76.6,6.16,1.49,8.64,121.91,41.06,163.94
2024-01-07 00:00:00,18.52,73.67,6.03,1.48,8.49,121.66,41.0,163.78
2024-01-07 01:00:00,17.37,75.54,6.15,1.48,8.74,121.52,40.93,163.4
2024-01-07 02:00:00,19.62,69.93,6.13,1.48,8.39,121.38,40.89,163.09
2024-01-07 03:00:00,18.77,73.09,6.19,1.48,8.53,121.12,40.85,162.81
2024-01-07 04:00:00,19.65,71.75,6.2,1.47,8.49,120.88,40.78,162.63
2024-01-07 05:00:00,20.71,68.91,6.08,1.47,8.27,120.62,40.72,162.42
2024-01-07 06:00:00,21.26,63.47,6.12,1.47,8.24,120.35,40.69,162.16
2024-01-07 07:00:00,23.76,63.51,6.06,1.47,8.09,120.09,40.62,161.87
2024-01-07 08:00:00,24.3,62.17,6.19,1.46,8.17,119.95,40.56,161.69
2024-01-07 09:00:00,24.43,59.22,6.11,1.46,8.22,119.69,40.54,161.37
2024-01-07 10:00:00,25.81,54.81,6.2,1.46,7.8,119.58,40.48,161.17
2024-01-07 11:00:00,24.82,52.91,6.12,1.46,8.12,119.35,40.44,160.97
2024-01-07 12:00:00,25.87,52.76,6.1,1.46,7.89,119.07,40.39,160.67
2024-01-07 13:00:00,25.34,55.51,6.16,1.45,7.82,118.82,40.31,160.52
2024-01-07 14:00:00,25.08,53.89,6.25,1.45,8.12,118.59,40.22,160.18
2024-01-07 15:00:00,25.82,56.31,6.15,1.45,8.01,118.38,40.12,159.97
2024-01-07 16:00:00,24.22,62.4,6.15,1.45,8.01,118.09,40.09,159.78
2024-01-07 17:00:00,22.73,66.27,6.15,1.44,8.3,117.82,39.99,159.55
2024-01-07 18:00:00,21.62,66.55,6.19,1.44,8.22,117.54,39.94,159.43
2024-01-07 19:00:00,21.85,68.79,6.17,1.44,8.36,117.26,39.84,159.22
2024-01-07 20:00:00,19.42,70.09,6.2,1.44,8.51,117.04,39.76,159.07
2024-01-07 21:00:00,19.48,69.43,6.14,1.43,8.51,116.84,39.7,158.84
2024-01-07 22:00:00,18.78,71.69,6.22,1.43,8.6,116.64,39.63,158.56
2024-01-07 23:00:00,17.48,73.94,6.16,1.43,8.78,116.51,39.61,158.4
2024-01-08 00:00:00,18.16,72.24,6.02,1.82,8.83,149.86,49.97,199.73
2024-01-08 01:00:00,18.43,75.64,5.93,1.81,8.61,149.6,49.89,199.48
2024-01-08 02:00:00,18.53,76.58,6.04,1.81,8.62,149.39,49.81,199.29
2024-01-08 03:00:00,18.18,73.22,6.09,1.81,8.54,149.11,49.75,199.13
2024-01-08 04:00:00,20.99,68.85,5.97,1.81,8.34,148.95,49.69,198.91
2024-01-08 05:00:00,21.11,66.83,6.02,1.8,8.52,148.69,49.6,198.53
2024-01-08 06:00:00,21.7,67.23,6.02,1.8,8.38,148.42,49.52,198.35
2024-01-08 07:00:00,23.27,62.4,6.04,1.8,8.18,148.19,49.44,197.97
2024-01-08 08:00:00,23.98,60.25,6.11,1.8,8.24,147.94,49.34,197.83
2024-01-08 09:00:00,24.88,59.34,6.04,1.79,7.92,147.75,49.26,197.51
2024-01-08 10:00:00,25.25,54.06,6.0,1.79,7.87,147.53,49.17,197.3
2024-01-08 11:00:00,27.06,55.13,6.01,1.79,7.96,147.38,49.08,197.12
2024-01-08 12:00:00,25.02,58.11,6.04,1.79,8.18,147.28,48.99,196.87
2024-01-08 13:00:00,25.09,57.06,6.03,1.78,7.93,147.05,48.9,196.6
2024-01-08 14:00:00,25.8,57.47,6.0,1.78,7.93,146.86,48.88,196.28
2024-01-08 15:00:00,24.34,59.55,5.99,1.78,8.01,146.62,48.78,195.97
2024-01-08 16:00:00,24.19,59.89,6.01,1.78,8.06,146.42,48.71,195.72
2024-01-08 17:00:00,22.69,63.49,6.01,1.77,8.37,146.12,48.66,195.56
2024-01-08 18:00:00,21.4,65.04,5.98,1.77,8.55,146.0,48.61,195.42
2024-01-08 19:00:00,20.64,67.3,6.04,1.77,8.38,145.82,48.53,195.27
2024-01-08 20:00:00,20.13,66.75,6.09,1.77,8.45,145.58,48.48,195.17
2024-01-08 21:00:00,19.28,69.91,6.01,1.77,8.55,145.47,48.45,194.98
2024-01-08 22:00:00,19.52,73.76,6.01,1.77,8.51,145.37,48.39,194.58
2024-01-08 23:00:00,18.32,73.6,5.95,1.76,8.72,145.15,48.29,194.34
2024-01-09 00:00:00,16.7,73.49,6.07,1.76,9.01,144.98,48.19,193.96
2024-01-09 01:00:00,18.48,74.82,5.96,1.76,8.61,144.87,48.1,193.69
2024-01-09 02:00:00,18.55,72.07,6.0,1.75,8.62,144.73,48.01,193.29
2024-01-09 03:00:00,18.5,72.42,6.06,1.75,8.78,144.6,47.98,193.12
2024-01-09 04:00:00,19.96,69.87,6.08,1.75,8.48,144.36,47.88,192.88
2024-01-09 05:00:00,20.3,66.61,6.05,1.75,8.53,144.15,47.79,192.52
2024-01-09 06:00:00,21.79,65.43,5.89,1.74,8.45,143.96,47.72,192.16
2024-01-09 07:00:00,23.94,64.34,6.04,1.74,8.19,143.74,47.63,191.79
2024-01-09 08:00:00,23.99,58.35,5.99,1.74,8.12,143.46,47.55,191.59
2024-01-09 09:00:00,24.05,60.03,6.03,1.74,8.12,143.36,47.5,191.27
2024-01-09 10:00:00,25.76,56.91,5.92,1.73,7.9,143.19,47.45,191.04
2024-01-09 11:00:00,25.54,52.07,6.02,1.73,7.98,143.05,47.36,190.81
2024-01-09 12:00:00,25.85,54.5,6.04,1.73,7.98,142.91,47.31,190.64
2024-01-09 13:00:00,25.25,55.91,6.02,1.73,7.99,142.73,47.28,190.42
2024-01-09 14:00:00,25.59,56.54,6.14,1.73,7.98,142.43,47.21,190.14
2024-01-09 15:00:00,24.39,59.34,6.04,1.72,8.17,142.16,47.17,190.03
2024-01-09 16:00:00,25.14,60.26,6.08,1.72,8.21,142.0,47.13,189.65
2024-01-09 17:00:00,22.77,64.11,6.04,1.72,8.21,141.76,47.1,189.29
2024-01-09 18:00:00,21.59,62.2,6.11,1.72,8.39,141.46,47.06,189.09
2024-01-09 19:00:00,21.24,68.17,6.08,1.71,8.46,141.25,47.02,188.9
2024-01-09 20:00:00,19.84,68.04,6.08,1.71,8.43,141.01,46.98,188.71
2024-01-09 21:00:00,19.73,75.51,6.06,1.71,8.6,140.78,46.9,188.51
2024-01-09 22:00:00,19.04,71.75,6.1,1.71,8.58,140.6,46.87,188.4
2024-01-09 23:00:00,18.35,75.92,6.01,1.71,8.76,140.47,46.84,188.29
2024-01-10 00:00:00,17.8,73.92,6.04,1.7,8.73,140.2,46.75,188.08
2024-01-10 01:00:00,18.36,73.46,6.06,1.7,8.73,139.92,46.7,187.88
2024-01-10 02:00:00,19.27,75.64,6.01,1.7,8.53,139.69,46.66,187.78
2024-01-10 03:00:00,19.9,69.33,6.05,1.7,8.39,139.39,46.62,187.46
2024-01-10 04:00:00,20.43,67.78,6.04,1.7,8.57,139.28,46.55,187.08
2024-01-10 05:00:00,20.74,69.53,5.96,1.69,8.44,138.99,46.5,186.75
2024-01-10 06:00:00,21.38,64.37,6.0,1.69,8.33,138.85,46.45,186.46
2024-01-10 07:00:00,22.36,63.71,6.06,1.69,8.28,138.7,46.4,186.24
2024-01-10 08:00:00,24.0,63.49,5.96,1.69,8.31,138.53,46.38,185.87
2024-01-10 09:00:00,24.99,61.0,6.03,1.68,7.98,138.41,46.34,185.48
2024-01-10 10:00:00,25.87,56.23,6.07,1.68,7.98,138.13,46.29,185.09
2024-01-10 11:00:00,25.81,55.62,6.02,1.68,7.9,137.91,46.26,184.96
2024-01-10 12:00:00,25.53,57.32,6.1,1.68,7.81,137.74,46.18,184.63
2024-01-10 13:00:00,26.31,56.29,6.06,1.67,7.91,137.62,46.1,184.44
2024-01-10 14:00:00,25.89,54.24,6.12,1.67,7.8,137.36,46.03,184.15
2024-01-10 15:00:00,25.13,56.69,6.1,1.67,8.06,137.18,46.0,183.78
2024-01-10 16:00:00,23.56,60.25,6.05,1.66,8.28,136.98,45.92,183.4
2024-01-10 17:00:00,22.91,61.24,6.05,1.66,8.19,136.84,45.84,183.22
2024-01-10 18:00:00,21.94,65.68,6.1,1.66,8.39,136.68,45.78,182.95
2024-01-10 19:00:00,21.2,66.1,6.05,1.66,8.29,136.47,45.71,182.56
2024-01-10 20:00:00,20.28,68.84,6.01,1.66,8.53,136.21,45.62,182.44
2024-01-10 21:00:00,18.59,69.74,6.13,1.65,8.77,135.98,45.57,182.31
2024-01-10 22:00:00,17.4,75.85,6.02,1.65,8.77,135.79,45.54,182.03
2024-01-10 23:00:00,18.02,73.69,6.03,1.65,8.6,135.59,45.5,181.69
2024-01-11 00:00:00,17.61,75.03,6.0,1.65,8.73,135.4,45.42,181.46
2024-01-11 01:00:00,18.49,73.9,6.03,1.64,8.58,135.22,45.39,181.07
2024-01-11 02:00:00,18.39,71.68,6.01,1.64,8.7,135.11,45.36,180.81
2024-01-11 03:00:00,19.48,70.1,6.03,1.64,8.59,134.86,45.26,180.43
2024-01-11 04:00:00,19.66,69.64,6.09,1.64,8.35,134.67,45.24,180.3
2024-01-11 05:00:00,20.33,67.38,6.15,1.63,8.44,134.41,45.15,180.1
2024-01-11 06:00:00,22.56,66.37,6.14,1.63,8.23,134.22,45.1,179.73
2024-01-11 07:00:00,23.4,62.89,6.09,1.63,8.15,134.0,45.07,179.51
2024-01-11 08:00:00,24.22,63.26,6.08,1.63,7.97,133.84,45.05,179.15
2024-01-11 09:00:00,25.4,59.65,6.04,1.63,7.9,133.69,45.01,178.98
2024-01-11 10:00:00,25.05,56.86,6.02,1.62,8.06,133.41,44.96,178.75
2024-01-11 11:00:00,26.47,53.61,6.14,1.62,7.92,133.16,44.89,178.65
2024-01-11 12:00:00,26.39,54.7,6.06,1.62,7.67,132.92,44.85,178.26
2024-01-11 13:00:00,25.94,54.22,6.08,1.62,7.89,132.73,44.78,178.14
2024-01-11 14:00:00,25.82,55.98,6.02,1.61,7.9,132.46,44.68,177.77
2024-01-11 15:00:00,25.2,57.3,6.08,1.61,7.99,132.25,44.61,177.38
2024-01-11 16:00:00,24.36,58.68,6.14,1.61,7.98,132.03,44.55,177.18
2024-01-11 17:00:00,23.23,63.94,6.12,1.61,8.1,131.82,44.51,176.83
2024-01-11 18:00:00,22.1,62.13,6.07,1.6,8.46,131.72,44.43,176.54
2024-01-11 19:00:00,20.21,68.74,6.19,1.6,8.38,131.52,44.4,176.36
2024-01-11 20:00:00,20.73,67.7,6.17,1.6,8.68,131.32,44.38,176.19
2024-01-11 21:00:00,18.45,67.84,6.14,1.6,8.85,131.15,44.33,175.99
2024-01-11 22:00:00,18.44,76.12,6.13,1.6,8.75,131.02,44.29,175.7
2024-01-11 23:00:00,18.14,82.47,6.07,1.59,8.72,130.76,44.25,175.39
2024-01-12 00:00:00,17.88,77.67,6.1,1.59,8.74,130.55,44.19,175.22
2024-01-12 01:00:00,17.98,74.94,6.19,1.59,8.68,130.37,44.1,175.02
2024-01-12 02:00:00,18.12,71.23,6.07,1.59,8.67,130.25,44.0,174.87
2024-01-12 03:00:00,18.66,70.98,6.11,1.59,8.75,130.1,43.94,174.69
2024-01-12 04:00:00,20.56,68.7,6.05,1.58,8.39,129.89,43.86,174.42
2024-01-12 05:00:00,20.82,67.28,6.06,1.58,8.37,129.75,43.76,174.06
2024-01-12 06:00:00,22.41,65.53,6.1,1.58,8.05,129.63,43.74,173.84
2024-01-12 07:00:00,22.74,60.99,6.04,1.58,8.33,129.47,43.71,173.57
2024-01-12 08:00:00,23.0,60.62,6.08,1.57,8.23,129.36,43.68,173.2
2024-01-12 09:00:00,24.21,59.91,6.1,1.57,7.91,129.2,43.61,172.83
2024-01-12 10:00:00,25.48,54.37,6.15,1.57,8.07,129.09,43.53,172.62
2024-01-12 11:00:00,26.02,52.31,6.08,1.57,7.84,128.95,43.45,172.42
2024-01-12 12:00:00,26.14,53.88,6.17,1.57,7.87,128.79,43.43,172.13
2024-01-12 13:00:00,25.33,56.43,6.11,1.56,8.08,128.67,43.4,171.93
2024-01-12 14:00:00,25.95,56.64,6.06,1.56,7.91,128.39,43.36,171.66
2024-01-12 15:00:00,25.31,56.33,6.13,1.56,7.77,128.09,43.31,171.49
2024-01-12 16:00:00,23.62,57.84,6.0,1.56,8.17,127.95,43.26,171.38
2024-01-12 17:00:00,23.75,61.92,6.14,1.56,8.24,127.77,43.22,171.16
2024-01-12 18:00:00,22.24,65.84,6.03,1.55,8.48,127.64,43.17,170.89
2024-01-12 19:00:00,21.02,66.65,6.11,1.55,8.6,127.39,43.11,170.5
2024-01-12 20:00:00,19.77,67.69,6.14,1.55,8.68,127.26,43.08,170.35
2024-01-12 21:00:00,19.24,73.21,6.15,1.55,8.67,127.0,43.03,170.08
2024-01-12 22:00:00,18.22,74.34,6.22,1.54,8.65,126.88,42.94,169.8
2024-01-12 23:00:00,17.02,71.02,6.06,1.54,8.66,126.72,42.85,169.5
2024-01-13 00:00:00,18.22,73.32,6.15,1.54,8.62,126.52,42.8,169.3
2024-01-13 01:00:00,17.23,72.53,6.1,1.54,8.82,126.35,42.71,168.92
2024-01-13 02:00:00,18.13,74.14,6.14,1.53,8.77,126.22,42.68,168.59
2024-01-13 03:00:00,19.92,73.3,6.08,1.53,8.49,126.08,42.64,168.45
2024-01-13 04:00:00,20.02,66.18,6.1,1.53,8.38,125.95,42.6,168.22
2024-01-13 05:00:00,21.07,69.51,6.16,1.53,8.34,125.71,42.54,167.87
2024-01-13 06:00:00,21.74,64.0,6.08,1.53,8.37,125.54,42.52,167.49
2024-01-13 07:00:00,23.16,63.42,6.11,1.52,8.09,125.33,42.47,167.28
2024-01-13 08:00:00,24.56,55.96,6.1,1.52,8.14,125.12,42.41,166.93
2024-01-13 09:00:00,25.71,63.49,6.07,1.52,7.87,124.84,42.36,166.82
2024-01-13 10:00:00,25.68,57.45,6.06,1.52,7.97,124.65,42.33,166.53
2024-01-13 11:00:00,25.84,52.72,6.14,1.51,7.91,124.54,42.26,166.4
2024-01-13 12:00:00,25.41,54.84,6.16,1.51,7.91,124.34,42.22,166.04
2024-01-13 13:00:00,25.41,57.0,6.25,1.51,8.04,124.13,42.18,165.65
2024-01-13 14:00:00,25.3,57.07,6.04,1.51,7.97,123.94,42.09,165.43
2024-01-13 15:00:00,24.52,55.81,6.05,1.5,8.01,123.76,42.01,165.26
2024-01-13 16:00:00,23.69,62.3,6.14,1.5,8.25,123.53,41.97,165.02
2024-01-13 17:00:00,22.45,63.74,6.17,1.5,8.26,123.31,41.93,164.86
2024-01-13 18:00:00,21.71,64.25,6.1,1.5,8.23,123.1,41.85,164.48
2024-01-13 19:00:00,19.96,66.72,6.12,1.5,8.68,122.92,41.77,164.24
2024-01-13 20:00:00,20.87,72.66,6.13,1.49,8.29,122.64,41.68,164.09
2024-01-13 21:00:00,19.55,73.63,6.11,1.49,8.68,122.44,41.6,163.87
2024-01-13 22:00:00,18.07,74.29,6.14,1.49,8.65,122.14,41.52,163.76
2024-01-13 23:00:00,17.12,75.13,6.14,1.49,8.9,121.95,41.48,163.51
2024-01-14 00:00:00,17.81,75.42,6.07,1.48,8.72,121.66,41.38,163.17
2024-01-14 01:00:00,18.23,74.53,6.1,1.48,8.82,121.46,41.34,163.0
2024-01-14 02:00:00,17.71,73.24,6.16,1.48,8.63,121.16,41.31,162.79
2024-01-14 03:00:00,18.88,72.82,6.08,1.48,8.68,120.95,41.22,162.53
2024-01-14 04:00:00,20.23,68.67,6.15,1.47,8.48,120.71,41.15,162.25
2024-01-14 05:00:00,21.47,65.66,6.14,1.47,8.47,120.56,41.09,162.11
2024-01-14 06:00:00,21.45,69.2,6.16,1.47,8.34,120.39,41.05,161.8
2024-01-14 07:00:00,23.03,64.92,6.2,1.47,8.3,120.15,41.03,161.61
2024-01-14 08:00:00,23.69,59.11,6.3,1.47,8.11,120.04,40.94,161.51
2024-01-14 09:00:00,24.64,59.0,6.19,1.46,7.95,119.92,40.87,161.31
2024-01-14 10:00:00,25.58,57.75,6.16,1.46,7.89,119.78,40.8,160.91
2024-01-14 11:00:00,25.43,52.37,6.09,1.46,7.85,119.59,40.72,160.77
2024-01-14 12:00:00,25.77,56.54,6.14,1.46,7.93,119.32,40.65,160.56
2024-01-14 13:00:00,25.65,54.2,6.06,1.45,7.87,119.05,40.59,160.38
2024-01-14 14:00:00,25.45,58.03,6.23,1.45,7.83,118.79,40.55,160.04
2024-01-14 15:00:00,25.62,58.7,6.21,1.45,7.91,118.49,40.53,159.66
2024-01-14 16:00:00,24.01,57.97,6.26,1.45,7.92,118.21,40.44,159.38
2024-01-14 17:00:00,23.24,64.59,6.21,1.44,8.21,118.06,40.41,159.19
2024-01-14 18:00:00,22.42,61.64,6.21,1.44,8.35,117.88,40.37,159.06
2024-01-14 19:00:00,21.64,66.26,6.13,1.44,8.31,117.72,40.34,158.76
2024-01-14 20:00:00,19.21,70.42,6.09,1.44,8.62,117.54,40.26,158.44
2024-01-14 21:00:00,19.18,75.59,6.17,1.43,8.63,117.25,40.23,158.05
2024-01-14 22:00:00,18.36,74.52,6.19,1.43,8.68,116.98,40.14,157.75
2024-01-14 23:00:00,18.66,75.46,6.14,1.43,8.54,116.82,40.06,157.44
2024-01-15 00:00:00,18.07,74.53,5.94,1.82,8.67,149.72,49.94,199.66
2024-01-15 01:00:00,18.87,73.25,6.04,1.81,8.56,149.59,49.89,199.34
2024-01-15 02:00:00,19.51,70.49,6.01,1.81,8.54,149.3,49.8,198.95
2024-01-15 03:00:00,19.52,70.15,6.02,1.81,8.49,149.19,49.76,198.55
2024-01-15 04:00:00,20.34,71.59,5.96,1.8,8.34,148.93,49.72,198.18
2024-01-15 05:00:00,20.66,67.32,6.05,1.8,8.59,148.83,49.63,197.91
2024-01-15 06:00:00,20.92,62.4,5.96,1.8,8.42,148.65,49.55,197.71
2024-01-15 07:00:00,22.08,63.87,6.02,1.8,8.27,148.42,49.51,197.43
2024-01-15 08:00:00,24.66,68.35,6.06,1.8,8.07,148.31,49.45,197.26
2024-01-15 09:00:00,25.1,58.55,6.1,1.79,8.08,148.17,49.37,197.14
2024-01-15 10:00:00,25.23,52.31,5.99,1.79,8.02,147.93,49.31,197.0
2024-01-15 11:00:00,26.32,50.35,6.04,1.79,7.82,147.75,49.25,196.9
2024-01-15 12:00:00,26.11,56.24,5.96,1.79,7.83,147.64,49.23,196.75
2024-01-15 13:00:00,25.01,50.75,6.02,1.79,8.02,147.36,49.14,196.59
2024-01-15 14:00:00,25.67,55.21,6.08,1.78,8.1,147.07,49.11,196.48
2024-01-15 15:00:00,25.29,54.25,5.96,1.78,7.96,146.95,49.09,196.34
2024-01-15 16:00:00,24.07,61.07,6.04,1.78,8.14,146.73,49.0,195.97
2024-01-15 17:00:00,24.22,65.15,6.05,1.78,8.27,146.49,48.93,195.76
2024-01-15 18:00:00,22.11,65.85,5.97,1.78,8.25,146.35,48.89,195.6
2024-01-15 19:00:00,20.58,66.24,6.07,1.77,8.49,146.19,48.83,195.25
2024-01-15 20:00:00,20.37,72.32,5.92,1.77,8.46,145.91,48.75,194.97
2024-01-15 21:00:00,19.11,76.13,6.01,1.77,8.56,145.68,48.69,194.85
2024-01-15 22:00:00,18.14,73.7,5.98,1.77,8.66,145.49,48.63,194.75
2024-01-15 23:00:00,19.12,77.94,5.99,1.76,8.58,145.22,48.53,194.49
2024-01-16 00:00:00,18.03,77.33,6.06,1.76,8.69,145.12,48.49,194.38
2024-01-16 01:00:00,19.18,77.01,5.94,1.76,8.45,144.93,48.43,194.05
2024-01-16 02:00:00,18.73,73.28,6.07,1.76,8.65,144.64,48.39,193.73
2024-01-16 03:00:00,20.21,66.91,6.06,1.76,8.35,144.36,48.36,193.4
2024-01-16 04:00:00,19.42,69.08,6.06,1.75,8.58,144.17,48.31,193.08
2024-01-16 05:00:00,20.86,66.01,5.98,1.75,8.64,143.99,48.21,192.85
2024-01-16 06:00:00,21.33,66.58,6.03,1.75,8.25,143.88,48.14,192.74
2024-01-16 07:00:00,22.86,61.4,6.04,1.75,8.19,143.65,48.04,192.58
2024-01-16 08:00:00,23.72,60.46,6.02,1.74,8.13,143.38,47.99,192.23
2024-01-16 09:00:00,25.72,59.21,6.01,1.74,7.93,143.1,47.95,191.98
2024-01-16 10:00:00,25.27,58.37,6.02,1.74,7.95,142.98,47.86,191.67
2024-01-16 11:00:00,25.81,58.6,6.07,1.74,7.88,142.69,47.83,191.4
2024-01-16 12:00:00,25.96,54.65,6.02,1.73,7.78,142.51,47.79,191.1
2024-01-16 13:00:00,25.82,54.15,6.02,1.73,7.89,142.21,47.73,190.97
2024-01-16 14:00:00,25.37,54.11,6.01,1.73,7.93,142.09,47.67,190.78
2024-01-16 15:00:00,24.68,55.32,6.1,1.73,7.98,141.91,47.59,190.51
2024-01-16 16:00:00,24.28,61.16,6.12,1.72,8.2,141.76,47.52,190.17
2024-01-16 17:00:00,22.64,66.41,6.04,1.72,8.34,141.49,47.47,189.96
2024-01-16 18:00:00,21.73,66.12,6.07,1.72,8.2,141.28,47.38,189.57
2024-01-16 19:00:00,21.18,68.48,6.09,1.72,8.56,141.15,47.33,189.24
2024-01-16 20:00:00,19.89,71.1,6.03,1.71,8.49,140.93,47.28,189.05
2024-01-16 21:00:00,18.61,70.09,6.06,1.71,8.76,140.76,47.23,188.95
2024-01-16 22:00:00,18.81,75.58,5.95,1.71,8.69,140.48,47.16,188.59
2024-01-16 23:00:00,17.7,74.12,6.03,1.71,9.1,140.38,47.06,188.39
2024-01-17 00:00:00,17.91,74.93,6.05,1.71,8.81,140.17,47.04,188.13
2024-01-17 01:00:00,18.53,74.67,6.09,1.7,8.59,139.89,47.01,187.78
2024-01-17 02:00:00,18.83,72.91,6.0,1.7,8.55,139.59,46.93,187.41
2024-01-17 03:00:00,19.14,71.18,6.01,1.7,8.54,139.39,46.84,187.09
2024-01-17 04:00:00,19.96,68.28,6.02,1.7,8.52,139.26,46.81,186.89
2024-01-17 05:00:00,20.08,69.51,5.99,1.69,8.52,138.98,46.76,186.73
2024-01-17 06:00:00,22.14,65.43,6.07,1.69,8.19,138.73,46.74,186.55
2024-01-17 07:00:00,23.15,63.02,6.02,1.69,8.11,138.61,46.69,186.25
2024-01-17 08:00:00,23.76,61.05,6.06,1.69,8.07,138.34,46.61,186.02
2024-01-17 09:00:00,25.01,57.76,6.1,1.68,7.79,138.2,46.53,185.7
2024-01-17 10:00:00,25.65,58.62,5.99,1.68,7.83,138.05,46.5,185.59
2024-01-17 11:00:00,26.25,56.84,6.11,1.68,7.88,137.91,46.4,185.37
2024-01-17 12:00:00,26.05,58.01,6.06,1.68,7.95,137.68,46.31,185.05
2024-01-17 13:00:00,25.01,52.77,6.04,1.67,8.08,137.43,46.27,184.66
2024-01-17 14:00:00,25.5,54.91,5.94,1.67,7.93,137.18,46.24,184.48
2024-01-17 15:00:00,25.52,57.41,6.06,1.67,7.88,137.05,46.22,184.36
2024-01-17 16:00:00,23.8,62.36,6.08,1.67,8.29,136.9,46.13,184.12
2024-01-17 17:00:00,23.48,62.37,6.09,1.67,8.17,136.74,46.06,183.98
2024-01-17 18:00:00,21.94,62.0,6.16,1.67,8.38,136.6,46.04,183.82
2024-01-17 19:00:00,20.89,66.85,6.11,1.66,8.33,136.42,46.01,183.64
2024-01-17 20:00:00,20.41,71.95,6.06,1.66,8.31,136.16,45.92,183.49
2024-01-17 21:00:00,19.73,74.59,6.03,1.66,8.37,136.03,45.82,183.16
2024-01-17 22:00:00,18.23,68.92,6.09,1.66,8.71,135.88,45.78,182.85
2024-01-17 23:00:00,18.14,73.72,6.07,1.65,8.62,135.67,45.69,182.48
2024-01-18 00:00:00,18.11,78.48,6.07,1.65,8.66,135.38,45.63,182.17
2024-01-18 01:00:00,17.97,72.25,6.09,1.65,8.8,135.15,45.6,181.85
2024-01-18 02:00:00,19.94,72.79,6.08,1.65,8.53,134.98,45.54,181.73
2024-01-18 03:00:00,19.38,71.35,6.04,1.64,8.51,134.82,45.45,181.54
2024-01-18 04:00:00,19.47,69.62,6.08,1.64,8.6,134.53,45.42,181.18
2024-01-18 05:00:00,21.61,69.95,6.06,1.64,8.18,134.31,45.35,180.81
2024-01-18 06:00:00,22.05,69.84,6.08,1.64,8.27,134.14,45.3,180.65
2024-01-18 07:00:00,22.97,62.74,6.06,1.63,8.26,134.0,45.25,180.29
2024-01-18 08:00:00,24.11,60.7,6.04,1.63,7.95,133.88,45.16,179.9
2024-01-18 09:00:00,25.18,57.59,6.06,1.63,8.06,133.59,45.06,179.67
2024-01-18 10:00:00,25.3,53.53,6.14,1.63,7.95,133.43,45.02,179.56
2024-01-18 11:00:00,25.44,57.6,6.1,1.62,7.98,133.22,44.99,179.25
2024-01-18 12:00:00,25.6,57.33,6.18,1.62,8.15,132.99,44.95,179.1
2024-01-18 13:00:00,25.15,56.07,6.14,1.62,8.03,132.82,44.87,178.84
2024-01-18 14:00:00,25.9,53.91,6.05,1.62,7.97,132.67,44.81,178.48
2024-01-18 15:00:00,23.66,58.31,6.11,1.62,7.99,132.46,44.78,178.26
2024-01-18 16:00:00,23.71,59.27,6.14,1.61,8.05,132.31,44.69,177.92
2024-01-18 17:00:00,23.53,64.63,6.01,1.61,8.1,132.14,44.61,177.65
2024-01-18 18:00:00,21.97,65.72,6.06,1.61,8.46,131.99,44.53,177.44
2024-01-18 19:00:00,21.49,68.36,6.05,1.61,8.26,131.88,44.43,177.29
2024-01-18 20:00:00,20.26,73.62,6.08,1.61,8.43,131.63,44.39,177.15
2024-01-18 21:00:00,18.58,74.35,6.1,1.6,8.5,131.44,44.31,176.78
2024-01-18 22:00:00,18.57,75.23,6.13,1.6,8.6,131.29,44.28,176.53
2024-01-18 23:00:00,18.35,72.52,6.06,1.6,8.69,131.05,44.22,176.28
2024-01-19 00:00:00,17.81,72.62,6.15,1.59,8.75,130.77,44.17,175.92
2024-01-19 01:00:00,17.82,73.73,6.03,1.59,8.72,130.54,44.15,175.59
2024-01-19 02:00:00,19.23,74.77,6.2,1.59,8.67,130.35,44.1,175.31
2024-01-19 03:00:00,19.67,70.12,6.05,1.59,8.44,130.13,44.08,175.06
2024-01-19 04:00:00,19.76,69.77,6.13,1.59,8.53,129.93,44.04,174.83
2024-01-19 05:00:00,20.57,67.23,6.09,1.58,8.52,129.72,44.0,174.65
2024-01-19 06:00:00,20.94,61.87,6.09,1.58,8.52,129.49,43.97,174.55
2024-01-19 07:00:00,22.7,63.11,6.12,1.58,8.29,129.39,43.87,174.37
2024-01-19 08:00:00,24.52,61.73,6.0,1.58,8.07,129.12,43.84,174.13
2024-01-19 09:00:00,25.03,57.76,6.04,1.58,8.04,128.92,43.82,173.76
2024-01-19 10:00:00,25.31,55.99,6.07,1.57,7.95,128.73,43.77,173.45
2024-01-19 11:00:00,25.29,55.9,6.14,1.57,7.93,128.58,43.7,173.25
2024-01-19 12:00:00,26.46,56.29,6.18,1.57,7.66,128.44,43.66,173.04
2024-01-19 13:00:00,26.59,56.26,6.17,1.57,7.89,128.22,43.6,172.9
2024-01-19 14:00:00,24.88,57.66,6.14,1.56,7.97,127.93,43.51,172.78
2024-01-19 15:00:00,23.76,59.8,6.01,1.56,8.02,127.67,43.42,172.64
2024-01-19 16:00:00,23.62,58.28,6.04,1.56,8.13,127.55,43.36,172.41
2024-01-19 17:00:00,22.43,61.18,6.07,1.56,8.29,127.43,43.27,172.21
2024-01-19 18:00:00,22.7,63.26,6.07,1.56,8.17,127.13,43.18,171.94
2024-01-19 19:00:00,20.95,67.78,6.06,1.55,8.49,126.99,43.11,171.83
2024-01-19 20:00:00,20.38,70.05,6.18,1.55,8.48,126.85,43.05,171.67
2024-01-19 21:00:00,18.7,74.73,6.09,1.55,8.69,126.71,43.0,171.28
2024-01-19 22:00:00,18.16,74.6,6.19,1.55,8.73,126.6,42.95,171.05
2024-01-19 23:00:00,18.77,74.87,6.09,1.55,8.69,126.43,42.85,170.79
2024-01-20 00:00:00,18.7,76.66,6.11,1.54,8.52,126.32,42.77,170.49
2024-01-20 01:00:00,18.42,73.86,6.11,1.54,8.42,126.03,42.73,170.15
2024-01-20 02:00:00,19.64,74.06,6.1,1.54,8.41,125.89,42.66,169.92
2024-01-20 03:00:00,18.81,71.68,6.13,1.54,8.7,125.62,42.58,169.59
2024-01-20 04:00:00,20.01,70.93,6.18,1.53,8.47,125.33,42.54,169.47
2024-01-20 05:00:00,21.21,68.86,6.17,1.53,8.31,125.23,42.48,169.14
2024-01-20 06:00:00,22.23,66.65,6.06,1.53,8.1,125.0,42.43,168.93
2024-01-20 07:00:00,23.72,59.16,6.08,1.53,8.04,124.77,42.4,168.63
2024-01-20 08:00:00,24.33,61.4,6.13,1.52,8.16,124.62,42.35,168.48
2024-01-20 09:00:00,24.33,56.87,6.11,1.52,8.0,124.52,42.26,168.14
2024-01-20 10:00:00,26.09,55.53,6.15,1.52,7.77,124.41,42.2,168.0
2024-01-20 11:00:00,25.43,57.75,6.17,1.52,7.74,124.12,42.17,167.61
2024-01-20 12:00:00,25.86,58.67,6.25,1.52,7.91,123.94,42.13,167.37
2024-01-20 13:00:00,26.04,51.77,6.13,1.51,7.79,123.73,42.07,167.17
2024-01-20 14:00:00,25.35,55.78,6.18,1.51,8.08,123.48,42.02,166.79
2024-01-20 15:00:00,24.25,56.71,6.12,1.51,8.24,123.29,41.95,166.56
2024-01-20 16:00:00,23.78,61.16,6.15,1.51,8.16,123.15,41.87,166.19
2024-01-20 17:00:00,23.3,60.96,6.2,1.5,8.23,122.9,41.84,165.83
2024-01-20 18:00:00,21.83,66.07,6.13,1.5,8.26,122.62,41.76,165.57
2024-01-20 19:00:00,21.4,67.18,6.15,1.5,8.44,122.44,41.71,165.28
2024-01-20 20:00:00,20.89,72.62,6.07,1.49,8.39,122.34,41.64,164.91
2024-01-20 21:00:00,18.89,70.07,6.15,1.49,8.54,122.13,41.58,164.66
2024-01-20 22:00:00,18.49,73.83,6.08,1.49,8.84,121.99,41.55,164.43
2024-01-20 23:00:00,18.4,74.41,6.12,1.49,8.85,121.82,41.52,164.21
2024-01-21 00:00:00,17.53,76.95,6.18,1.49,8.8,121.55,41.46,163.9
2024-01-21 01:00:00,18.08,79.27,6.16,1.48,8.84,121.3,41.36,163.73
2024-01-21 02:00:00,18.48,74.41,6.17,1.48,8.52,121.12,41.33,163.37
2024-01-21 03:00:00,18.73,70.56,6.2,1.48,8.6,120.98,41.28,162.98
2024-01-21 04:00:00,20.02,72.9,6.19,1.48,8.57,120.7,41.21,162.83
2024-01-21 05:00:00,20.91,68.75,6.15,1.47,8.45,120.55,41.13,162.7
2024-01-21 06:00:00,21.45,64.6,6.21,1.47,8.34,120.31,41.06,162.32
2024-01-21 07:00:00,22.7,65.64,6.14,1.47,8.18,120.03,41.04,162.06
2024-01-21 08:00:00,24.27,60.59,6.18,1.47,8.25,119.82,40.95,161.91
2024-01-21 09:00:00,26.18,53.78,6.13,1.46,7.89,119.7,40.89,161.71
2024-01-21 10:00:00,25.97,57.46,6.09,1.46,7.94,119.54,40.8,161.5
2024-01-21 11:00:00,25.61,56.08,6.25,1.46,7.84,119.42,40.72,161.23
2024-01-21 12:00:00,25.95,53.07,6.15,1.46,7.7,119.17,40.66,161.02
2024-01-21 13:00:00,26.21,55.92,6.16,1.46,8.01,119.06,40.63,160.75
2024-01-21 14:00:00,25.78,57.68,6.19,1.45,7.89,118.93,40.53,160.61
2024-01-21 15:00:00,25.18,55.6,6.16,1.45,8.01,118.65,40.46,160.44
2024-01-21 16:00:00,23.43,60.53,6.12,1.45,8.04,118.52,40.37,160.17
2024-01-21 17:00:00,22.52,61.2,6.19,1.45,8.31,118.4,40.29,159.78
2024-01-21 18:00:00,21.91,65.86,6.2,1.45,8.46,118.27,40.24,159.64
2024-01-21 19:00:00,20.55,68.21,6.14,1.44,8.58,118.12,40.14,159.36
2024-01-21 20:00:00,20.01,68.99,6.11,1.44,8.67,118.01,40.08,159.1
2024-01-21 21:00:00,17.71,67.61,6.25,1.44,8.82,117.9,40.0,158.96
2024-01-21 22:00:00,18.22,77.33,6.18,1.44,8.53,117.63,39.98,158.58
2024-01-21 23:00:00,17.21,76.6,6.12,1.43,8.81,117.48,39.91,158.2
2024-01-22 00:00:00,17.33,75.13,5.96,1.82,8.67,149.74,49.93,199.69
2024-01-22 01:00:00,18.62,73.96,5.98,1.81,8.72,149.53,49.85,199.58
2024-01-22 02:00:00,18.51,73.9,6.13,1.81,8.65,149.37,49.78,199.47
2024-01-22 03:00:00,19.34,69.45,6.0,1.81,8.69,149.11,49.7,199.19
2024-01-22 04:00:00,20.14,69.89,5.98,1.81,8.54,148.84,49.63,198.87
2024-01-22 05:00:00,21.2,67.89,5.97,1.8,8.21,148.58,49.55,198.62
2024-01-22 06:00:00,21.75,63.01,6.02,1.8,8.32,148.45,49.5,198.37
2024-01-22 07:00:00,22.2,62.07,6.0,1.8,8.21,148.23,49.48,198.08
2024-01-22 08:00:00,24.1,57.01,6.04,1.8,8.16,148.02,49.41,197.97
2024-01-22 09:00:00,24.48,58.6,6.04,1.79,8.11,147.84,49.33,197.67
2024-01-22 10:00:00,25.18,54.41,5.91,1.79,7.87,147.56,49.23,197.32
2024-01-22 11:00:00,26.24,55.79,6.01,1.79,7.93,147.31,49.14,197.07
2024-01-22 12:00:00,25.41,53.12,6.03,1.79,8.03,147.04,49.05,196.91
2024-01-22 13:00:00,25.47,56.7,6.06,1.78,8.04,146.81,49.01,196.58
2024-01-22 14:00:00,24.88,58.11,5.97,1.78,7.95,146.68,48.91,196.29
2024-01-22 15:00:00,25.71,59.55,6.05,1.78,8.06,146.49,48.86,195.9
2024-01-22 16:00:00,23.77,59.91,5.99,1.78,8.1,146.21,48.83,195.72
2024-01-22 17:00:00,22.55,64.48,6.01,1.77,8.14,146.11,48.74,195.51
2024-01-22 18:00:00,21.56,65.3,6.11,1.77,8.3,145.82,48.68,195.38
2024-01-22 19:00:00,20.9,68.16,6.04,1.77,8.51,145.61,48.6,195.24
2024-01-22 20:00:00,20.17,66.27,6.01,1.77,8.47,145.49,48.53,194.96
2024-01-22 21:00:00,19.27,69.75,6.08,1.77,8.49,145.37,48.44,194.61
2024-01-22 22:00:00,18.66,73.66,5.99,1.76,8.58,145.16,48.37,194.3
2024-01-22 23:00:00,17.69,74.73,6.17,1.76,8.72,145.01,48.29,194.0
2024-01-23 00:00:00,17.75,73.77,6.06,1.76,8.69,144.79,48.25,193.61
2024-01-23 01:00:00,17.49,73.17,6.02,1.75,8.65,144.6,48.21,193.27
2024-01-23 02:00:00,19.0,77.71,6.01,1.75,8.65,144.43,48.18,193.0
2024-01-23 03:00:00,19.21,72.73,5.96,1.75,8.43,144.25,48.16,192.85
2024-01-23 04:00:00,20.31,70.23,6.05,1.75,8.48,143.98,48.1,192.52
2024-01-23 05:00:00,21.1,64.59,6.03,1.75,8.31,143.82,48.01,192.35
2024-01-23 06:00:00,22.08,65.34,6.05,1.74,8.42,143.61,47.98,192.19
2024-01-23 07:00:00,22.5,61.97,6.07,1.74,8.21,143.44,47.9,192.06
2024-01-23 08:00:00,23.84,59.0,6.03,1.74,8.02,143.23,47.87,191.92
2024-01-23 09:00:00,25.34,56.73,6.06,1.74,7.86,143.08,47.78,191.6
2024-01-23 10:00:00,25.46,56.87,6.07,1.74,7.83,142.88,47.7,191.45
2024-01-23 11:00:00,26.65,53.98,6.07,1.73,7.84,142.77,47.66,191.09
2024-01-23 12:00:00,25.76,55.41,6.05,1.73,7.98,142.51,47.63,190.83
2024-01-23 13:00:00,26.26,54.91,6.07,1.73,7.85,142.34,47.58,190.57
2024-01-23 14:00:00,25.35,55.19,6.02,1.73,7.75,142.1,47.52,190.24
2024-01-23 15:00:00,24.87,59.47,6.09,1.72,8.02,141.91,47.46,189.92
2024-01-23 16:00:00,24.51,57.77,6.1,1.72,8.05,141.69,47.4,189.77
2024-01-23 17:00:00,23.15,62.78,6.0,1.72,8.0,141.48,47.35,189.53
2024-01-23 18:00:00,22.52,63.9,6.01,1.72,8.3,141.35,47.28,189.38
2024-01-23 19:00:00,20.96,69.6,6.04,1.72,8.21,141.18,47.19,189.17
2024-01-23 20:00:00,20.01,72.19,6.06,1.71,8.64,140.98,47.13,189.06
2024-01-23 21:00:00,19.69,71.5,6.05,1.71,8.45,140.73,47.04,188.9
2024-01-23 22:00:00,17.75,73.91,5.93,1.71,8.87,140.58,47.02,188.73
2024-01-23 23:00:00,18.03,73.98,6.06,1.71,8.6,140.39,46.99,188.41
2024-01-24 00:00:00,18.38,72.74,6.02,1.71,8.65,140.12,46.92,188.1
2024-01-24 01:00:00,18.6,74.73,6.11,1.7,8.67,139.87,46.82,187.86
2024-01-24 02:00:00,17.96,72.72,6.12,1.7,8.86,139.61,46.76,187.57
2024-01-24 03:00:00,18.84,72.62,6.04,1.7,8.61,139.5,46.7,187.19
2024-01-24 04:00:00,19.77,69.08,6.05,1.69,8.38,139.34,46.68,186.8
2024-01-24 05:00:00,21.7,64.82,6.07,1.69,8.39,139.05,46.6,186.59
2024-01-24 06:00:00,21.51,66.47,6.06,1.69,8.33,138.83,46.54,186.34
2024-01-24 07:00:00,22.47,63.49,6.04,1.69,8.15,138.67,46.46,186.16
2024-01-24 08:00:00,25.12,63.27,5.98,1.68,7.78,138.5,46.37,185.8
2024-01-24 09:00:00,24.23,53.57,6.06,1.68,8.27,138.28,46.35,185.43
2024-01-24 10:00:00,25.97,52.26,6.06,1.68,7.93,138.11,46.27,185.1
2024-01-24 11:00:00,25.87,57.58,6.04,1.68,7.79,137.88,46.22,184.84
2024-01-24 12:00:00,25.62,51.73,6.03,1.67,8.03,137.66,46.16,184.57
2024-01-24 13:00:00,25.27,55.67,6.06,1.67,8.04,137.44,46.13,184.22
2024-01-24 14:00:00,26.19,56.9,6.11,1.67,7.69,137.21,46.11,184.01
2024-01-24 15:00:00,24.72,58.54,6.01,1.67,8.07,137.01,46.06,183.72
2024-01-24 16:00:00,23.68,61.56,6.07,1.66,8.24,136.88,45.96,183.44
2024-01-24 17:00:00,23.73,62.88,6.05,1.66,8.17,136.76,45.87,183.1
2024-01-24 18:00:00,21.36,65.06,6.08,1.66,8.24,136.59,45.8,182.91
2024-01-24 19:00:00,20.75,73.28,6.02,1.66,8.41,136.41,45.74,182.77
2024-01-24 20:00:00,20.4,68.89,6.0,1.66,8.37,136.31,45.66,182.43
2024-01-24 21:00:00,18.45,71.85,6.14,1.65,8.77,136.11,45.62,182.09
2024-01-24 22:00:00,18.67,71.1,6.04,1.65,8.55,135.91,45.54,181.74
2024-01-24 23:00:00,17.9,74.2,6.07,1.65,8.58,135.78,45.49,181.34
2024-01-25 00:00:00,17.61,75.27,6.06,1.65,8.72,135.64,45.44,180.98
2024-01-25 01:00:00,17.68,77.91,6.09,1.64,8.69,135.44,45.4,180.85
2024-01-25 02:00:00,18.26,73.62,6.1,1.64,8.49,135.18,45.34,180.61
2024-01-25 03:00:00,18.52,74.62,6.06,1.64,8.45,134.95,45.27,180.22
2024-01-25 04:00:00,19.89,68.99,6.08,1.64,8.47,134.8,45.21,179.97
2024-01-25 05:00:00,21.09,66.23,6.08,1.63,8.37,134.62,45.11,179.78
2024-01-25 06:00:00,22.64,62.72,5.99,1.63,8.43,134.34,45.05,179.39
2024-01-25 07:00:00,22.21,62.41,6.06,1.63,8.16,134.22,44.99,179.25
2024-01-25 08:00:00,24.82,62.6,6.03,1.63,8.16,134.07,44.91,178.87
2024-01-25 09:00:00,24.44,60.34,6.07,1.62,8.05,133.94,44.84,178.53
2024-01-25 10:00:00,24.62,56.9,6.06,1.62,7.74,133.79,44.8,178.23
2024-01-25 11:00:00,25.84,55.94,5.98,1.62,7.93,133.55,44.78,177.95
2024-01-25 12:00:00,24.88,54.2,6.06,1.62,7.93,133.38,44.69,177.7
2024-01-25 13:00:00,26.4,53.65,6.15,1.61,7.78,133.16,44.65,177.38
2024-01-25 14:00:00,26.04,57.51,6.1,1.61,7.9,133.01,44.63,177.04
2024-01-25 15:00:00,24.1,56.59,6.1,1.61,8.38,132.87,44.6,176.77
2024-01-25 16:00:00,23.88,57.56,6.14,1.61,8.49,132.69,44.53,176.45
2024-01-25 17:00:00,22.87,63.63,6.04,1.61,8.06,132.58,44.46,176.24
2024-01-25 18:00:00,22.43,61.02,6.17,1.6,8.37,132.46,44.38,175.99
2024-01-25 19:00:00,21.18,66.16,6.15,1.6,8.3,132.17,44.34,175.73
2024-01-25 20:00:00,20.81,69.07,6.17,1.6,8.5,131.98,44.25,175.49
2024-01-25 21:00:00,19.71,72.22,6.07,1.6,8.49,131.73,44.22,175.19
2024-01-25 22:00:00,18.19,74.25,6.08,1.59,8.59,131.56,44.19,174.93
2024-01-25 23:00:00,18.17,73.85,6.12,1.59,8.64,131.42,44.1,174.76
2024-01-26 00:00:00,18.32,75.05,6.08,1.59,8.73,131.19,44.02,174.55
2024-01-26 01:00:00,18.58,77.37,6.13,1.59,8.8,130.98,43.99,174.25
2024-01-26 02:00:00,17.82,74.54,6.09,1.58,8.78,130.76,43.94,173.87
2024-01-26 03:00:00,19.36,71.45,6.14,1.58,8.39,130.61,43.91,173.6
2024-01-26 04:00:00,19.7,66.42,6.11,1.58,8.48,130.31,43.84,173.41
2024-01-26 05:00:00,20.23,67.67,6.09,1.58,8.45,130.1,43.75,173.1
2024-01-26 06:00:00,21.47,63.97,6.14,1.58,8.49,129.91,43.72,172.93
2024-01-26 07:00:00,23.71,62.24,6.12,1.57,8.27,129.68,43.63,172.8
2024-01-26 08:00:00,23.56,62.02,6.14,1.57,8.18,129.46,43.61,172.46
2024-01-26 09:00:00,23.9,61.54,6.14,1.57,7.88,129.28,43.58,172.29
2024-01-26 10:00:00,24.55,58.26,6.16,1.57,8.08,129.05,43.52,172.06
2024-01-26 11:00:00,25.92,51.95,6.07,1.56,7.6,128.82,43.46,171.82
2024-01-26 12:00:00,25.3,51.92,6.1,1.56,7.85,128.54,43.38,171.65
2024-01-26 13:00:00,26.57,59.15,6.19,1.56,7.89,128.35,43.31,171.4
2024-01-26 14:00:00,25.84,54.61,6.04,1.56,7.89,128.19,43.28,171.04
2024-01-26 15:00:00,24.91,60.57,6.16,1.55,8.11,127.93,43.19,170.8
2024-01-26 16:00:00,24.54,59.53,6.12,1.55,8.01,127.74,43.17,170.55
2024-01-26 17:00:00,24.57,62.74,6.17,1.55,7.96,127.49,43.09,170.39
2024-01-26 18:00:00,22.02,65.07,6.14,1.55,8.34,127.39,43.05,170.19
2024-01-26 19:00:00,21.51,65.97,6.13,1.55,8.18,127.13,43.01,170.05
2024-01-26 20:00:00,19.53,69.12,6.08,1.54,8.55,126.98,42.95,169.89
2024-01-26 21:00:00,18.94,71.2,6.06,1.54,8.72,126.7,42.87,169.55
2024-01-26 22:00:00,19.16,74.88,6.07,1.54,8.52,126.54,42.82,169.31
2024-01-26 23:00:00,18.57,76.61,6.11,1.54,8.72,126.25,42.77,169.14
2024-01-27 00:00:00,18.7,75.84,6.14,1.53,8.57,125.96,42.7,169.02
2024-01-27 01:00:00,18.33,74.22,6.14,1.53,8.74,125.86,42.65,168.77
2024-01-27 02:00:00,17.77,75.82,6.09,1.53,8.6,125.65,42.58,168.58
2024-01-27 03:00:00,19.11,71.58,6.22,1.53,8.56,125.48,42.54,168.31
2024-01-27 04:00:00,19.82,68.11,6.2,1.53,8.6,125.37,42.52,167.94
2024-01-27 05:00:00,21.19,70.49,6.11,1.52,8.47,125.19,42.45,167.55
2024-01-27 06:00:00,22.12,62.56,6.21,1.52,8.33,124.99,42.41,167.17
2024-01-27 07:00:00,22.86,62.59,6.06,1.52,8.05,124.73,42.35,167.02
2024-01-27 08:00:00,24.55,59.28,6.13,1.52,8.09,124.5,42.31,166.84
2024-01-27 09:00:00,24.67,58.31,6.1,1.51,8.12,124.34,42.22,166.68
2024-01-27 10:00:00,25.86,54.1,6.11,1.51,7.86,124.15,42.14,166.39
2024-01-27 11:00:00,26.31,55.2,6.09,1.51,8.14,123.88,42.09,166.2
2024-01-27 12:00:00,25.55,56.21,6.08,1.51,7.99,123.66,42.0,165.85
2024-01-27 13:00:00,25.88,58.21,6.07,1.5,7.87,123.38,41.96,165.73
2024-01-27 14:00:00,26.51,55.16,6.2,1.5,7.86,123.21,41.86,165.4
2024-01-27 15:00:00,24.0,60.73,6.14,1.5,8.16,123.1,41.78,165.13
2024-01-27 16:00:00,24.94,63.56,6.13,1.5,7.9,122.92,41.73,164.89
2024-01-27 17:00:00,22.25,62.17,6.12,1.5,8.18,122.63,41.65,164.69
2024-01-27 18:00:00,22.7,63.67,6.14,1.49,8.27,122.33,41.62,164.45
2024-01-27 19:00:00,20.73,70.69,6.11,1.49,8.37,122.17,41.57,164.13
2024-01-27 20:00:00,19.79,70.19,6.1,1.49,8.72,121.91,41.53,163.87
2024-01-27 21:00:00,19.82,74.8,6.15,1.48,8.73,121.64,41.43,163.52
2024-01-27 22:00:00,18.02,73.12,6.02,1.48,8.66,121.52,41.38,163.14
2024-01-27 23:00:00,18.37,77.04,6.23,1.48,8.64,121.27,41.35,162.86
2024-01-28 00:00:00,17.2,72.64,6.12,1.48,8.84,120.97,41.28,162.55
2024-01-28 01:00:00,18.66,73.15,6.08,1.47,8.41,120.78,41.19,162.37
2024-01-28 02:00:00,17.8,71.88,6.13,1.47,8.7,120.53,41.16,162.03
2024-01-28 03:00:00,18.99,71.87,6.16,1.47,8.72,120.25,41.08,161.64
2024-01-28 04:00:00,19.71,67.91,6.1,1.47,8.56,120.13,41.02,161.52
2024-01-28 05:00:00,20.78,69.88,6.18,1.46,8.34,119.91,40.94,161.16
2024-01-28 06:00:00,21.53,64.04,6.19,1.46,8.34,119.72,40.89,160.84
2024-01-28 07:00:00,22.34,61.47,6.19,1.46,8.29,119.6,40.81,160.66
2024-01-28 08:00:00,23.64,60.8,6.12,1.46,8.2,119.47,40.72,160.35
2024-01-28 09:00:00,25.08,58.22,6.14,1.45,7.92,119.37,40.65,160.0
2024-01-28 10:00:00,25.27,56.77,6.18,1.45,8.06,119.23,40.56,159.84
2024-01-28 11:00:00,25.11,53.66,6.19,1.45,8.13,119.02,40.47,159.6
2024-01-28 12:00:00,26.04,56.43,6.26,1.45,7.85,118.82,40.44,159.32
2024-01-28 13:00:00,26.25,56.39,6.16,1.45,7.81,118.7,40.37,159.16
2024-01-28 14:00:00,25.57,54.29,6.17,1.44,8.14,118.42,40.34,158.83
2024-01-28 15:00:00,24.86,59.13,6.26,1.44,8.07,118.26,40.31,158.72
2024-01-28 16:00:00,23.34,60.1,6.17,1.44,8.14,118.0,40.24,158.62
2024-01-28 17:00:00,22.83,61.42,6.17,1.44,8.34,117.79,40.17,158.46
2024-01-28 18:00:00,22.24,63.4,6.29,1.44,8.31,117.67,40.07,158.33
2024-01-28 19:00:00,21.5,65.13,6.19,1.43,8.57,117.39,40.04,158.02
2024-01-28 20:00:00,20.03,71.69,6.15,1.43,8.5,117.25,39.96,157.74
2024-01-28 21:00:00,19.0,73.56,6.2,1.43,8.54,116.98,39.9,157.62
2024-01-28 22:00:00,18.94,73.63,6.14,1.43,8.64,116.74,39.81,157.51
2024-01-28 23:00:00,18.96,76.85,6.21,1.43,8.56,116.58,39.78,157.38
2024-01-29 00:00:00,18.05,73.78,6.05,1.82,8.76,149.89,49.92,199.89
2024-01-29 01:00:00,18.21,72.7,6.05,1.81,8.72,149.69,49.83,199.62
2024-01-29 02:00:00,19.18,73.99,5.99,1.81,8.59,149.52,49.75,199.43
2024-01-29 03:00:00,19.03,68.75,5.96,1.81,8.59,149.35,49.72,199.24
2024-01-29 04:00:00,20.11,70.11,5.99,1.81,8.57,149.06,49.66,198.98
2024-01-29 05:00:00,21.3,68.66,5.94,1.8,8.35,148.79,49.63,198.66
2024-01-29 06:00:00,22.48,66.37,5.94,1.8,8.3,148.62,49.59,198.42
2024-01-29 07:00:00,22.96,64.29,6.0,1.8,8.3,148.48,49.56,198.06
2024-01-29 08:00:00,24.13,59.08,6.07,1.8,8.01,148.35,49.46,197.68
2024-01-29 09:00:00,25.59,61.38,6.03,1.79,7.93,148.06,49.4,197.28
2024-01-29 10:00:00,25.56,56.4,5.97,1.79,7.85,147.85,49.32,197.02
2024-01-29 11:00:00,27.58,55.44,5.97,1.79,7.77,147.69,49.24,196.77
2024-01-29 12:00:00,24.81,53.19,6.09,1.79,8.09,147.47,49.17,196.65
2024-01-29 13:00:00,25.59,54.09,6.01,1.79,8.0,147.3,49.08,196.37
2024-01-29 14:00:00,25.68,56.36,6.02,1.78,8.12,147.03,49.04,196.14
2024-01-29 15:00:00,24.87,54.59,6.03,1.78,8.11,146.89,49.02,195.85
2024-01-29 16:00:00,23.8,61.41,6.03,1.78,8.2,146.77,48.95,195.66
2024-01-29 17:00:00,22.72,62.59,6.01,1.78,8.17,146.59,48.91,195.3
2024-01-29 18:00:00,22.58,63.49,6.01,1.77,8.27,146.38,48.88,194.9
2024-01-29 19:00:00,20.69,69.85,5.94,1.77,8.42,146.1,48.82,194.78
2024-01-29 20:00:00,20.86,71.18,6.08,1.77,8.48,145.83,48.74,194.5
2024-01-29 21:00:00,18.8,70.78,6.07,1.77,8.55,145.62,48.71,194.35
2024-01-29 22:00:00,17.76,72.57,6.14,1.77,8.75,145.5,48.68,194.13
2024-01-29 23:00:00,18.07,74.96,5.99,1.76,8.61,145.31,48.65,194.01
2024-01-30 00:00:00,18.55,74.0,6.04,1.76,8.61,145.01,48.63,193.76
2024-01-30 01:00:00,17.62,74.6,6.01,1.76,8.69,144.82,48.54,193.56
2024-01-30 02:00:00,18.17,72.31,6.04,1.76,8.8,144.66,48.52,193.2
2024-01-30 03:00:00,19.54,74.71,5.92,1.75,8.72,144.53,48.43,192.98
2024-01-30 04:00:00,20.54,70.1,5.99,1.75,8.36,144.27,48.38,192.66
2024-01-30 05:00:00,20.71,71.07,5.93,1.75,8.51,144.04,48.33,192.34
2024-01-30 06:00:00,23.06,62.8,6.1,1.75,8.06,143.89,48.31,191.97
2024-01-30 07:00:00,23.45,65.38,6.1,1.74,8.05,143.68,48.25,191.78
2024-01-30 08:00:00,24.12,59.43,6.03,1.74,8.17,143.51,48.23,191.52
2024-01-30 09:00:00,24.87,60.26,6.01,1.74,7.78,143.37,48.19,191.34
2024-01-30 10:00:00,25.47,54.29,6.04,1.74,8.03,143.26,48.1,191.0
2024-01-30 11:00:00,26.34,52.18,6.05,1.74,7.89,143.05,48.01,190.9
2024-01-30 12:00:00,26.09,54.3,6.05,1.74,7.9,142.93,47.98,190.79
2024-01-30 13:00:00,25.48,55.27,6.06,1.73,8.05,142.77,47.93,190.52
2024-01-30 14:00:00,26.06,56.51,6.05,1.73,8.04,142.59,47.86,190.22
2024-01-30 15:00:00,25.59,62.3,6.06,1.73,7.91,142.31,47.76,189.96
2024-01-30 16:00:00,24.03,61.6,5.91,1.73,8.18,142.12,47.68,189.84
2024-01-30 17:00:00,23.38,63.58,6.03,1.72,8.25,141.87,47.6,189.56
2024-01-30 18:00:00,21.63,63.53,6.05,1.72,8.37,141.58,47.56,189.22
2024-01-30 19:00:00,21.21,66.32,6.0,1.72,8.41,141.41,47.47,188.83
2024-01-30 20:00:00,19.96,73.89,5.99,1.71,8.42,141.16,47.44,188.6
2024-01-30 21:00:00,19.82,70.83,6.06,1.71,8.51,141.02,47.36,188.39
2024-01-30 22:00:00,18.9,71.9,6.09,1.71,8.75,140.91,47.28,188.16
2024-01-30 23:00:00,18.35,75.08,6.09,1.71,8.59,140.68,47.24,187.93
